study_hours,attendance,previous_marks,sleep_hours,assignments_completed,class_participation,screen_time,extracurricular_hours,stress_level,final_score
4.37,59.26,52.01,8.04,9,7,5.0,3.04,4,66.12
9.56,77.1,51.05,8.78,4,1,1.24,4.92,2,73.5
7.59,93.65,93.91,5.5,4,1,5.04,4.21,5,87.65
6.39,86.61,51.22,7.75,10,1,3.67,0.18,1,78.15
2.4,90.33,52.68,7.43,6,8,9.37,3.29,9,54.58
2.4,82.94,84.36,9.0,3,4,2.12,1.43,5,72.93
1.52,84.61,64.23,9.44,3,4,6.87,2.8,6,60.72
8.8,92.46,85.49,4.07,8,2,1.47,1.4,2,93.83
6.41,62.48,39.25,8.04,5,1,5.02,1.74,10,57.24
7.37,74.47,66.69,4.31,3,10,5.99,4.62,10,63.03
1.19,61.06,37.18,7.29,1,9,3.68,1.03,1,40.38
9.73,99.38,39.07,5.73,5,7,5.1,4.37,4,69.93
8.49,97.2,93.92,5.84,1,4,2.47,0.15,7,82.99
2.91,51.97,44.05,6.12,4,6,3.74,0.45,6,36.99
2.64,85.28,69.61,7.73,5,2,6.59,4.27,10,44.98
2.65,96.26,61.72,6.0,3,7,3.72,3.15,1,70.81
3.74,59.03,57.58,8.4,2,2,9.1,3.74,1,45.71
5.72,78.4,93.49,6.43,6,10,6.66,1.05,8,89.59
4.89,95.77,36.42,4.41,1,8,4.95,2.69,4,56.6
3.62,51.7,78.15,8.7,10,8,1.35,3.69,5,74.5
6.51,84.87,97.62,5.71,5,1,5.5,3.14,7,85.65
2.26,64.87,71.41,6.6,3,8,7.88,2.36,8,58.19
3.63,96.22,95.89,8.11,5,2,3.39,4.8,10,75.42
4.3,98.55,38.4,5.99,3,6,8.26,3.38,7,51.76
5.1,97.21,62.22,4.34,3,1,3.27,4.54,2,61.76
8.07,73.71,51.91,6.24,3,5,8.41,3.65,4,66.89
2.8,93.1,82.5,9.67,8,7,1.77,3.68,10,76.95
5.63,92.23,98.78,7.85,6,10,8.8,0.4,1,89.49
6.33,65.96,51.67,8.03,2,1,5.49,1.8,10,54.85
1.42,91.45,77.52,7.79,2,2,3.67,4.29,9,63.53
6.47,51.85,47.88,5.19,5,7,3.39,1.16,3,67.27
2.53,79.81,71.75,6.51,5,6,4.89,0.58,3,63.96
1.59,61.5,65.16,8.51,3,3,9.99,1.63,10,53.88
9.54,56.03,98.18,4.61,8,10,2.98,1.1,9,93.61
9.69,53.85,74.55,5.67,3,2,1.93,4.63,10,81.28
8.28,84.81,57.72,5.66,8,10,6.27,4.34,3,76.51
3.74,66.99,42.42,6.59,3,4,5.4,2.5,8,50.66
1.88,86.24,44.83,9.88,1,3,5.72,0.31,2,50.7
7.16,53.27,49.65,4.41,1,7,7.0,3.57,3,39.7
4.96,65.76,51.31,7.11,4,8,3.4,3.12,2,56.94
2.1,76.97,90.29,5.08,3,2,9.2,4.85,1,67.87
5.46,89.54,71.48,9.82,6,10,4.92,2.79,2,84.99
1.31,65.94,69.02,4.68,10,7,2.16,1.68,8,54.94
9.18,81.29,42.46,6.42,4,8,7.68,2.6,9,65.27
3.33,94.3,90.91,8.43,5,6,6.79,4.9,2,83.76
6.96,80.79,81.98,8.23,9,6,3.84,3.48,7,86.63
3.81,61.65,39.4,6.54,3,10,6.59,3.36,5,52.29
5.68,51.22,81.01,6.08,1,1,2.98,1.2,3,69.14
5.92,93.5,70.33,6.39,9,4,5.0,3.72,9,76.25
2.66,51.06,40.31,5.59,8,1,9.09,3.75,6,38.51
9.73,93.74,64.79,5.23,9,4,2.2,1.59,1,92.92
7.98,76.45,66.51,6.9,6,2,4.48,2.42,5,77.39
9.46,96.95,45.78,5.61,3,5,8.39,1.47,7,59.18
9.05,89.94,96.47,5.72,2,10,9.73,1.29,4,89.62
6.38,99.9,90.25,7.94,9,9,5.09,0.13,8,85.79
9.3,67.54,78.49,9.81,2,10,5.56,1.43,10,77.0
1.8,88.36,65.05,7.62,8,3,6.15,2.77,5,60.23
2.76,70.1,61.76,4.46,4,8,9.39,0.01,9,50.29
1.41,73.99,77.31,4.45,2,3,8.72,1.42,9,52.77
3.93,81.38,70.45,9.71,4,6,2.54,4.41,9,69.2
4.5,93.68,39.05,5.78,1,4,4.93,2.97,1,52.11
3.44,99.2,68.31,4.55,10,8,5.18,3.04,2,71.9
8.46,88.41,87.42,7.59,3,6,8.1,2.02,3,91.14
4.21,70.89,64.85,7.74,9,8,6.43,3.38,4,55.79
3.53,71.07,38.38,7.89,1,1,6.89,0.95,10,39.5
5.88,86.88,86.11,5.6,1,6,9.98,4.09,9,78.03
2.27,61.94,48.09,4.09,7,1,1.67,0.58,10,48.53
8.22,55.52,51.81,9.79,0,1,3.01,3.28,6,69.13
1.67,67.73,45.71,5.51,6,8,4.67,1.71,1,41.0
9.88,64.36,56.46,8.06,4,7,4.13,3.74,9,67.26
7.95,64.82,84.19,8.24,10,3,1.19,2.75,6,91.55
2.79,61.68,68.76,7.66,7,6,1.83,2.26,4,74.41
1.05,52.1,48.32,5.88,0,9,7.13,0.85,4,33.19
8.34,50.89,92.06,5.63,10,7,8.91,3.18,3,83.09
7.36,99.39,92.17,7.59,6,3,5.63,4.87,7,91.83
7.56,71.39,91.59,9.2,4,6,5.85,4.13,3,80.22
7.94,69.22,50.52,9.68,3,4,3.3,0.3,2,72.11
1.67,83.98,64.33,4.64,6,3,7.91,1.88,10,38.83
4.23,60.91,99.02,4.93,9,9,7.77,4.63,8,80.36
2.04,97.5,85.18,9.67,1,10,6.3,2.52,4,69.28
8.77,89.32,36.77,8.42,0,2,2.91,3.31,8,59.85
6.61,54.47,39.24,9.3,0,1,1.87,4.56,1,59.36
3.98,70.88,65.16,5.22,10,2,1.58,4.37,5,70.48
1.57,93.96,94.1,7.53,0,7,6.33,2.51,9,68.74
3.8,97.24,70.02,8.21,4,10,8.43,2.19,1,77.56
3.93,73.37,67.36,8.08,9,1,8.72,1.7,4,57.03
7.57,80.67,41.86,6.45,6,6,5.17,3.6,6,65.59
6.74,58.35,77.69,4.09,1,7,8.06,1.43,10,57.92
8.98,99.56,88.44,7.5,9,9,9.52,1.25,8,98.02
5.25,61.58,59.73,5.52,7,8,3.48,1.78,3,69.63
2.08,97.14,85.41,6.7,3,6,4.58,0.89,5,74.81
7.42,82.48,97.69,9.75,2,3,9.38,3.48,7,92.46
7.85,80.39,48.24,6.39,9,8,4.04,3.08,1,80.9
6.05,75.63,69.02,9.04,10,7,9.22,2.41,7,74.72
7.94,61.53,53.66,5.13,7,3,9.83,1.95,8,59.68
5.44,58.83,86.54,8.03,1,9,6.96,4.55,8,74.26
5.7,61.02,72.54,9.86,10,2,8.35,0.15,9,71.49
4.85,59.32,76.25,4.61,10,3,7.75,3.85,6,70.81
1.23,88.98,86.86,4.05,2,2,7.3,4.51,6,49.18
1.97,67.51,60.74,6.6,2,1,3.76,2.23,2,62.25
1.28,52.89,94.48,4.56,9,4,1.51,2.75,3,71.19
6.73,98.46,69.65,8.49,10,5,4.09,4.72,4,78.57
3.83,94.19,45.27,9.49,0,6,7.0,1.06,4,51.31
5.58,96.39,80.23,6.6,5,5,1.92,2.6,8,69.35
9.17,99.75,86.56,5.55,1,1,1.11,2.37,1,83.86
3.24,58.69,55.59,6.61,0,3,2.26,1.29,10,47.16
4.69,69.81,90.72,8.34,1,1,7.44,4.09,4,78.88
7.8,87.91,93.9,4.05,5,5,9.76,4.5,4,85.3
3.06,84.8,53.0,7.54,3,5,9.85,3.91,1,56.96
1.69,57.69,98.93,7.68,5,6,5.45,0.98,3,66.27
3.61,90.79,44.15,7.83,8,8,8.82,0.43,5,54.88
2.45,61.22,48.13,5.45,9,10,7.63,3.03,6,48.64
9.37,61.19,46.97,8.28,9,1,5.51,0.29,9,63.88
8.27,76.85,93.11,4.55,7,4,6.15,3.36,9,82.24
6.7,79.65,77.53,5.2,0,10,2.24,2.65,9,71.93
8.84,79.0,44.89,9.26,7,1,9.44,3.31,1,67.97
8.23,54.57,63.62,8.43,8,9,4.17,2.95,9,72.44
2.68,93.87,74.99,4.08,5,7,5.02,2.11,8,65.92
9.03,63.28,40.43,5.49,9,7,7.04,1.0,2,64.61
5.85,56.48,92.36,5.29,4,5,4.01,1.53,1,69.11
8.27,94.44,87.23,5.62,5,7,3.29,2.62,1,91.89
9.06,97.78,67.84,5.49,5,2,6.68,3.26,6,77.38
3.86,93.11,97.86,4.38,8,4,1.22,3.9,9,75.36
1.99,90.48,62.15,6.75,3,7,7.49,3.84,7,54.35
3.05,82.76,98.97,8.4,1,3,5.63,4.86,5,78.74
4.84,77.54,78.41,7.64,10,2,6.45,1.43,2,71.66
8.36,54.35,76.25,8.04,10,10,6.69,0.36,1,78.78
8.75,70.42,45.79,4.49,8,2,5.74,1.73,2,64.24
1.06,68.63,92.33,9.71,1,1,6.24,3.72,1,69.82
5.6,62.99,62.79,9.03,9,5,7.15,2.19,3,79.67
4.76,86.17,45.55,8.83,8,6,7.78,4.09,6,66.52
3.0,74.79,35.82,8.94,1,6,7.55,2.75,8,49.51
2.08,54.05,71.38,9.6,7,9,8.83,4.65,3,65.71
4.04,61.01,69.28,7.27,8,4,2.7,4.74,10,63.03
9.49,84.16,81.76,5.2,9,1,4.61,0.35,9,88.26
3.91,53.81,92.87,7.7,8,6,9.53,2.28,10,70.2
5.67,92.56,40.16,8.46,9,5,4.57,3.05,5,69.05
7.33,74.76,82.55,8.43,8,10,2.12,1.28,7,83.98
4.27,74.03,47.18,7.13,1,6,5.73,2.04,8,53.63
9.75,79.62,90.78,4.41,3,3,1.99,3.39,3,88.26
9.66,91.23,88.24,6.23,6,2,2.83,1.13,2,94.82
3.27,67.39,70.15,9.52,1,6,9.98,3.01,2,60.13
5.48,83.9,81.17,7.51,0,1,5.87,3.49,5,68.96
3.71,78.29,55.43,7.23,2,7,3.56,0.45,1,63.26
3.56,63.35,65.63,5.61,3,7,9.95,2.49,2,54.1
1.33,93.93,88.41,6.21,7,10,9.7,1.32,9,61.54
6.49,89.87,64.85,9.37,5,7,4.97,3.62,7,67.36
5.52,82.92,58.26,8.0,10,10,3.34,0.95,6,76.74
1.46,92.53,67.12,8.72,1,1,8.55,4.46,9,52.1
3.51,93.36,88.84,6.73,8,4,7.44,2.15,7,68.04
9.17,85.42,56.79,7.78,1,7,7.18,0.99,5,72.0
3.16,91.85,46.29,5.49,4,9,9.04,2.19,9,50.64
2.3,84.87,81.28,8.23,3,5,7.2,2.04,6,64.04
5.41,84.01,88.69,6.57,6,2,3.55,2.14,6,81.14
9.87,80.93,41.54,6.66,7,7,7.24,2.93,4,77.7
3.18,87.64,50.59,7.9,4,10,3.75,2.61,1,70.42
7.05,57.93,44.23,9.62,9,1,7.83,0.75,5,62.33
7.85,94.04,57.62,4.38,4,7,6.58,0.33,9,67.05
3.14,93.59,64.27,8.95,1,6,1.7,3.65,8,66.75
7.55,51.46,83.67,5.75,7,7,5.62,2.8,8,78.13
4.31,91.29,77.32,6.66,1,10,4.09,1.8,5,71.25
6.69,56.44,75.36,4.13,9,3,3.96,4.04,9,71.81
6.7,66.76,57.9,5.81,5,3,6.42,1.94,3,55.71
5.82,87.18,89.69,7.02,7,7,3.9,3.98,3,88.25
1.81,58.04,65.63,4.34,5,2,7.99,1.53,1,52.83
8.52,90.9,98.64,6.95,3,1,1.64,0.36,9,87.55
3.89,91.61,76.22,9.56,3,9,6.94,4.66,6,73.68
2.68,75.37,43.21,4.63,5,9,8.28,1.97,2,43.68
1.37,50.32,78.95,8.59,3,7,7.06,3.96,8,51.11
6.32,64.35,56.13,6.46,7,7,5.48,1.4,9,64.77
7.1,80.85,79.61,7.93,8,3,9.55,3.23,9,73.94
1.15,99.06,39.53,5.56,0,10,3.7,4.37,2,40.61
5.61,81.59,46.37,4.96,3,2,1.17,0.21,2,53.72
3.04,62.99,90.62,4.96,3,7,4.89,4.15,7,62.43
6.81,81.7,49.77,4.42,1,9,1.3,2.86,4,68.25
2.57,77.0,89.41,5.11,5,1,9.59,3.04,1,67.33
7.22,88.99,53.15,7.99,2,4,2.89,2.62,8,63.46
4.48,55.35,76.79,9.29,6,6,8.1,4.37,2,67.87
9.43,88.05,80.12,8.88,10,7,7.97,0.22,3,100.0
2.24,77.06,68.32,8.11,10,10,2.96,1.31,5,76.69
4.07,98.15,54.85,4.66,4,7,6.59,4.38,3,56.53
2.02,67.09,48.82,5.74,3,10,1.43,3.76,7,57.62
9.32,81.63,37.16,5.86,4,2,5.35,0.09,7,60.22
8.9,96.6,54.76,5.5,7,4,1.13,2.59,2,84.67
3.32,55.13,77.46,7.09,2,5,9.29,2.65,7,56.24
6.94,96.86,95.99,7.21,6,1,9.78,2.0,6,90.78
8.35,84.39,91.63,6.14,5,1,3.0,1.49,10,79.12
6.0,53.39,84.79,6.12,0,10,2.87,3.41,9,69.12
5.77,65.05,86.25,8.97,6,3,7.78,1.04,9,80.17
3.18,85.41,78.22,8.74,6,10,3.28,3.99,2,67.32
1.84,53.37,51.92,5.85,0,3,9.06,4.02,7,37.38
9.07,79.11,93.97,9.48,8,8,6.17,2.08,5,95.4
9.1,67.29,78.6,9.72,5,9,4.16,1.42,6,90.27
6.7,81.05,71.43,5.96,1,1,8.49,1.42,1,72.23
4.05,52.29,42.21,6.13,4,2,5.44,2.41,7,48.46
4.14,93.58,64.06,7.03,10,10,9.2,3.6,6,73.26
7.53,98.67,64.92,9.65,3,2,9.35,1.79,4,74.62
9.07,98.44,91.2,9.26,6,4,2.49,3.05,1,99.23
8.98,87.48,70.53,4.62,7,2,1.02,1.91,9,81.54
8.02,56.5,59.73,6.36,10,7,9.86,1.52,4,77.22
6.78,87.91,98.49,7.32,10,9,9.16,0.12,2,89.69
1.76,51.23,42.2,7.02,0,7,1.5,0.02,8,38.35
2.45,51.11,62.47,5.16,4,6,8.5,1.14,2,49.83
9.09,66.18,37.73,9.15,2,10,5.12,2.03,5,69.93
6.46,74.43,83.09,8.06,0,1,3.33,4.26,6,75.33
1.08,88.52,94.67,9.03,2,10,8.91,3.99,8,75.84
1.91,84.16,53.2,9.15,5,9,2.77,1.34,1,68.9
6.97,72.3,90.79,8.49,6,5,9.53,1.22,1,86.64
1.05,63.68,53.99,6.64,7,5,2.85,1.14,4,47.85
2.45,99.86,94.2,7.66,10,6,6.52,1.7,5,91.77
5.94,71.31,84.01,4.96,3,9,3.01,2.49,9,81.27
7.23,72.57,87.32,8.04,2,8,5.91,2.19,7,80.27
6.87,58.18,36.17,5.08,4,8,7.16,1.09,7,43.37
3.02,89.74,97.58,8.16,8,8,2.71,0.65,8,77.43
7.41,84.68,82.23,5.38,5,1,5.69,0.06,5,78.66
3.14,61.04,54.81,4.71,8,1,5.22,0.77,5,48.9
3.93,54.12,88.91,4.99,5,8,1.64,3.53,1,66.31
7.72,84.02,53.3,4.01,1,5,8.36,1.22,9,49.68
6.85,82.73,91.73,8.31,4,9,4.02,2.34,6,85.55
8.64,63.66,42.32,8.39,10,2,6.17,2.96,9,66.88
6.92,97.54,80.74,7.09,8,9,5.63,4.43,3,96.5
6.11,57.55,70.15,4.97,7,8,5.62,4.44,5,72.08
1.84,71.62,41.27,4.5,6,9,1.97,3.73,2,50.05
4.31,97.18,50.72,4.11,0,4,4.81,0.18,10,53.08
3.39,70.99,35.81,4.99,3,1,5.07,2.88,5,44.03
3.2,81.93,65.47,9.35,6,1,7.6,3.93,8,66.35
9.76,69.88,54.58,5.45,10,5,8.56,0.09,2,73.95
4.54,63.71,73.89,6.13,6,2,5.9,2.75,8,68.97
9.03,99.2,54.32,4.63,5,8,1.78,4.29,4,83.4
6.68,70.47,54.49,5.33,7,10,3.13,2.37,10,67.34
8.15,94.7,83.31,7.12,10,5,2.48,0.02,10,90.27
5.52,61.5,38.13,7.65,5,5,2.12,0.06,1,62.36
6.19,60.66,93.69,5.47,9,2,4.29,2.08,5,77.46
5.43,51.56,90.4,4.35,2,7,3.06,0.78,1,65.04
2.76,82.58,78.41,6.35,3,8,2.96,3.32,7,60.87
7.5,68.43,73.56,5.41,2,10,1.49,3.54,8,70.92
3.53,93.22,93.0,5.32,0,1,1.16,0.89,3,77.33
1.22,73.66,47.05,9.76,9,2,1.92,4.44,3,56.84
6.81,98.41,40.13,7.7,4,10,2.55,2.21,7,69.15
2.59,59.28,50.57,7.34,0,4,4.88,0.71,4,43.74
9.46,93.43,86.65,6.49,0,5,5.59,3.82,3,84.37
9.59,88.83,37.25,6.57,1,2,2.27,3.95,8,58.63
9.23,88.55,72.88,7.25,3,1,4.82,3.2,3,80.93
4.33,92.24,99.7,8.18,5,9,4.08,4.27,7,87.1
1.14,88.05,90.62,8.21,7,1,2.65,3.69,2,78.64
9.35,81.31,68.89,5.03,2,4,1.06,4.41,1,82.1
4.85,56.56,39.14,7.0,0,2,5.2,2.17,6,42.96
9.7,51.63,89.04,6.47,2,4,7.17,3.74,8,70.26
9.67,96.04,73.93,9.22,2,8,3.04,5.0,1,97.65
8.68,80.83,42.47,7.79,4,8,2.19,3.62,10,68.23
3.65,89.83,41.1,7.2,10,9,8.98,0.57,9,57.6
4.47,74.08,94.13,4.69,3,5,3.48,2.59,3,83.97
8.66,55.87,78.5,7.63,3,7,3.01,2.94,3,85.32
3.85,56.26,88.9,4.7,8,3,8.71,0.87,4,69.56
2.53,84.28,92.13,6.02,6,10,8.35,4.81,1,77.11
6.01,71.52,72.17,4.86,3,4,5.04,0.88,9,64.31
9.43,60.03,68.63,8.15,2,10,5.4,0.89,3,78.88
7.26,74.58,62.98,5.24,5,9,2.96,4.58,10,73.24
6.13,53.21,55.6,6.35,2,10,1.7,2.33,4,71.5
1.87,79.1,63.25,9.37,5,10,6.16,0.32,1,77.25
6.54,63.45,85.3,5.23,10,1,1.89,2.99,4,83.03
9.91,89.88,74.13,7.05,10,2,5.04,3.01,1,81.17
2.26,65.52,93.01,6.52,8,5,9.46,0.32,5,64.2
5.66,72.76,63.82,4.11,5,3,9.58,4.86,5,69.22
8.9,50.58,74.46,8.76,3,2,3.15,2.72,7,78.76
7.67,53.62,76.03,4.41,4,1,6.62,2.8,8,67.58
7.27,69.62,73.46,6.85,5,10,5.27,2.6,4,77.11
7.32,74.0,80.67,7.36,10,3,8.88,3.05,7,74.11
4.24,80.0,50.43,7.77,2,1,3.44,1.32,4,65.14
3.64,64.58,68.3,8.13,7,1,1.03,1.44,3,64.01
8.28,84.75,41.77,5.52,3,1,2.46,2.56,6,66.03
8.29,93.01,59.99,4.06,7,8,4.15,4.03,4,71.59
8.8,88.99,66.7,8.34,9,3,3.84,0.25,3,84.76
9.22,51.98,77.39,7.21,9,1,8.12,3.02,9,81.3
5.6,74.03,96.78,9.02,2,7,7.13,4.03,5,80.45
5.51,55.25,74.04,8.93,9,10,3.7,0.78,7,74.8
8.18,62.1,83.33,9.06,6,3,5.12,0.08,6,81.73
6.85,99.33,67.91,6.91,10,8,1.86,1.56,10,77.14
7.32,57.12,76.22,6.0,8,4,9.08,2.94,5,64.71
8.16,74.94,39.61,8.75,3,4,9.42,0.69,7,61.46
9.01,80.91,51.54,6.71,7,5,9.82,2.13,6,67.12
4.04,85.12,58.52,5.1,2,6,8.82,2.76,10,56.89
4.38,77.98,65.71,9.13,6,7,2.57,2.99,2,80.01
1.85,50.49,37.97,9.3,2,4,1.42,1.37,3,50.72
6.2,66.32,44.1,6.8,6,8,6.22,2.0,2,53.3
1.32,75.89,52.99,4.45,10,6,9.21,3.89,3,49.49
5.19,54.39,98.15,6.33,9,1,2.6,4.71,1,86.64
5.88,67.53,56.54,8.82,9,1,1.06,4.31,8,72.95
3.58,51.66,66.33,9.41,10,9,8.25,2.82,6,77.42
6.32,53.93,47.75,5.22,10,10,1.69,2.05,2,63.05
1.27,69.85,74.7,4.4,5,6,4.72,1.66,8,62.61
1.34,56.64,53.24,9.26,1,10,7.11,0.62,6,49.11
8.4,78.38,48.45,6.34,10,8,3.13,0.53,7,66.05
4.24,84.47,68.58,7.25,2,7,1.76,3.44,1,68.95
2.14,90.03,35.36,9.81,5,6,7.93,1.3,7,50.9
5.7,60.01,35.5,4.4,3,4,6.67,1.27,3,37.53
7.93,58.37,49.24,7.89,5,7,9.9,4.99,8,50.84
2.94,55.23,37.39,4.44,0,9,4.1,0.94,6,30.26
6.61,81.82,42.02,6.25,9,10,1.56,0.74,4,71.57
1.77,85.32,57.03,8.82,0,10,7.61,0.49,8,50.37
1.47,51.58,87.17,6.6,2,7,5.7,2.9,9,55.34
5.78,96.81,72.18,9.98,7,1,2.92,3.14,10,76.46
5.87,52.6,68.32,7.35,7,10,8.04,1.83,2,62.75
6.74,77.06,54.08,5.93,10,9,2.83,2.68,6,71.46
7.53,85.45,95.56,5.32,3,4,3.35,3.94,5,77.22
9.78,93.55,60.81,6.1,5,3,1.83,4.09,5,87.55
5.65,85.7,40.66,6.24,7,4,4.59,4.79,10,67.26
3.91,90.09,75.11,4.41,6,4,4.77,4.12,3,59.17
8.16,66.97,42.4,6.22,10,10,5.63,2.82,8,65.32
3.44,90.74,57.44,6.79,6,2,7.38,0.9,8,56.08
4.95,54.01,67.98,8.34,3,1,9.15,0.5,5,56.73
1.71,94.74,91.82,7.94,8,10,2.24,0.27,8,86.36
1.23,77.38,67.08,8.25,9,1,1.49,3.33,10,60.61
9.66,90.86,80.65,4.05,5,8,1.17,4.04,8,88.32
8.52,72.62,99.53,5.31,10,2,2.29,2.54,3,100.0
7.26,82.18,43.55,7.97,2,10,6.92,0.27,2,63.74
4.68,76.32,52.86,6.9,4,5,7.55,2.68,9,64.63
2.56,86.58,60.65,4.03,4,4,8.08,4.68,2,58.3
2.41,54.08,62.42,8.83,4,8,3.19,2.99,9,54.59
3.25,53.02,61.72,8.64,7,2,3.75,4.05,4,57.48
5.94,62.36,93.99,7.29,8,10,5.35,4.0,2,87.26
7.43,57.98,81.41,4.4,8,9,1.57,4.66,10,74.1
6.94,93.59,74.51,8.6,5,7,6.5,3.85,1,79.56
3.52,60.96,55.11,7.5,5,7,9.85,3.74,4,52.42
9.59,98.79,88.55,8.69,8,1,4.25,1.17,9,96.44
7.64,66.84,97.08,8.51,3,2,7.78,0.3,9,88.87
5.99,59.11,88.38,8.82,5,4,5.5,2.59,4,76.1
6.51,89.48,35.1,7.11,3,4,2.15,0.62,9,59.76
4.78,82.94,76.37,4.84,10,3,6.24,4.81,6,65.51
3.23,74.91,38.32,8.03,0,7,3.7,1.45,1,55.71
4.2,77.77,51.74,7.72,6,8,1.31,4.26,10,55.24
7.82,85.96,38.87,8.45,9,2,6.71,1.94,6,70.58
1.13,61.42,74.25,5.02,10,4,8.73,1.62,9,55.14
2.04,99.82,79.63,5.17,5,3,4.1,4.68,2,70.13
1.41,98.74,42.44,9.34,8,2,4.51,1.82,6,55.03
1.37,82.52,59.95,8.5,6,6,9.02,1.95,2,51.96
8.7,59.98,64.66,9.45,6,4,8.32,0.53,4,67.44
7.33,84.01,58.99,8.55,1,6,7.43,3.35,8,71.18
5.27,53.61,42.87,7.58,10,2,3.24,1.44,7,57.68
1.88,51.53,62.23,7.92,8,4,9.19,2.93,9,50.01
5.42,62.88,83.83,9.33,9,6,2.39,2.96,7,84.75
5.26,73.13,39.62,7.47,8,5,6.64,3.6,1,60.85
2.56,93.41,40.21,7.79,5,3,1.26,3.73,2,54.17
4.9,86.36,58.06,4.94,2,8,6.79,2.57,6,72.23
4.59,87.14,96.21,6.84,0,7,3.49,1.65,7,81.81
6.54,71.27,78.46,8.3,3,3,5.05,4.19,3,76.73
6.72,67.3,79.11,5.63,2,6,4.11,1.55,9,67.71
1.41,68.55,58.52,5.21,0,4,2.55,2.54,7,51.8
4.37,99.38,73.59,5.88,2,5,6.6,2.01,6,63.87
6.63,52.01,35.66,5.45,3,5,8.94,4.28,6,41.84
5.53,93.35,76.35,5.29,7,7,9.63,2.16,1,84.6
8.71,78.93,94.36,6.55,8,5,2.73,1.93,5,94.43
6.93,71.93,74.82,9.45,2,3,7.46,3.45,10,66.46
2.47,86.26,91.79,7.04,5,10,6.98,3.01,3,77.02
1.64,74.33,82.06,5.13,9,5,4.09,0.54,7,71.17
6.78,93.67,42.84,4.46,10,7,1.17,2.54,10,71.75
1.24,95.04,93.66,8.18,4,5,7.21,3.68,3,79.27
6.27,71.09,39.32,6.3,5,5,9.51,4.96,5,47.78
9.46,63.84,69.71,8.93,3,9,6.69,3.15,7,82.85
6.18,79.62,44.24,7.96,9,3,4.92,1.85,3,65.55
4.49,95.62,35.76,8.78,5,6,5.73,1.13,10,56.19
6.79,60.53,62.43,5.63,6,1,2.8,4.36,2,74.55
5.12,81.15,54.18,8.15,8,10,7.75,4.07,6,71.74
5.91,81.58,66.59,5.58,9,5,7.72,1.17,8,71.19
9.47,86.66,72.52,9.63,6,8,2.31,1.0,4,81.74
4.47,56.58,37.84,7.82,5,5,8.9,3.58,9,45.64
9.65,85.79,43.0,5.95,0,9,3.42,1.57,8,62.08
9.15,95.45,71.31,5.62,1,6,9.84,1.53,7,77.43
2.76,58.98,57.31,5.15,0,8,4.45,0.76,7,52.79
1.62,61.88,82.4,8.17,8,10,2.6,1.32,3,71.62
1.91,98.57,77.4,5.31,9,8,4.17,2.14,6,69.66
1.16,59.05,89.96,7.57,9,3,4.96,3.66,5,77.2
1.85,92.72,80.01,5.59,8,7,1.62,1.68,1,73.07
7.15,74.61,62.95,7.97,6,7,6.2,1.64,3,68.24
1.64,62.36,78.74,8.89,1,10,6.38,1.42,1,59.34
3.87,93.54,52.9,8.67,5,6,7.65,2.39,4,60.41
8.6,72.27,54.91,8.57,10,7,1.26,0.9,10,74.4
1.21,75.74,86.28,5.13,3,2,5.87,2.43,3,65.91
8.33,67.96,64.02,4.53,0,9,1.48,3.52,4,60.05
3.54,79.65,86.89,8.19,0,10,7.31,0.15,9,63.99
2.06,58.18,88.46,6.21,4,10,1.5,0.05,3,70.13
7.27,69.55,90.74,6.59,1,1,9.21,0.38,6,73.13
6.66,98.47,94.58,4.19,3,1,7.32,2.68,6,87.84
8.9,62.91,63.01,5.56,0,3,5.57,4.27,7,72.4
7.62,82.84,55.73,4.2,3,3,4.97,0.02,9,53.75
8.23,66.26,72.84,9.28,10,1,2.18,4.68,7,74.86
3.54,88.67,59.13,5.46,5,7,3.62,0.53,1,65.13
2.6,56.54,74.07,7.34,9,4,8.82,4.21,8,57.79
7.76,98.49,80.86,4.23,3,10,9.14,2.41,5,73.51
8.26,72.69,79.75,8.0,0,2,1.01,3.3,9,77.44
9.91,61.8,59.35,5.94,6,10,6.35,2.55,10,73.82
4.71,53.67,45.85,9.39,1,5,7.47,2.39,5,45.96
4.35,58.49,62.98,9.33,8,6,6.57,4.17,5,63.48
7.99,75.99,44.27,5.95,2,9,1.74,3.78,2,63.67
4.07,66.85,92.86,9.41,7,4,2.96,2.42,3,80.41
9.38,91.44,57.48,9.98,7,2,3.25,0.56,10,82.84
8.73,71.54,45.04,8.95,2,5,8.49,0.58,9,55.13
4.86,62.44,36.65,9.07,3,3,5.17,4.01,7,46.88
7.76,80.86,76.98,5.49,1,2,5.38,2.65,1,72.79
7.79,85.34,76.4,7.46,3,1,9.41,2.41,3,75.03
1.93,58.35,57.14,4.4,10,10,6.73,3.4,2,58.5
9.12,58.38,39.66,4.57,10,2,9.09,4.29,1,72.54
5.55,51.83,61.63,9.99,10,6,5.11,3.14,9,72.18
8.44,86.82,55.23,5.96,8,8,2.34,3.81,8,80.71
3.88,83.19,79.01,8.49,1,3,9.37,3.83,5,64.4
9.06,73.73,74.38,8.84,2,9,5.13,1.78,2,78.5
4.5,92.21,58.7,9.15,10,9,2.63,1.37,1,76.75
1.1,90.28,49.16,9.99,10,2,3.72,4.01,7,57.08
9.15,79.27,99.22,5.45,3,8,1.46,1.89,2,97.27
1.82,93.41,64.51,4.24,4,10,5.21,4.52,1,54.78
3.87,60.29,79.74,6.47,0,5,8.68,0.35,2,63.01
9.55,55.6,44.14,4.78,6,4,9.4,0.29,7,57.07
9.56,63.49,66.56,4.13,9,10,9.39,4.64,7,79.54
6.16,52.85,36.79,6.16,6,5,2.13,3.24,10,49.08
6.69,76.56,67.85,8.7,8,4,4.44,1.9,6,72.52
5.04,96.83,97.66,7.4,3,8,1.25,3.78,5,87.38
3.64,51.97,59.97,5.88,5,4,8.7,3.36,3,50.93
3.96,56.11,37.53,7.93,10,10,4.23,2.66,3,62.46
7.05,72.61,37.01,5.39,1,6,6.68,0.49,9,53.57
7.77,96.69,60.22,4.09,3,2,7.43,4.06,4,77.57
8.12,65.81,45.4,8.59,1,5,4.87,4.33,9,58.13
8.11,75.36,36.52,7.74,9,6,3.76,0.86,4,51.58
1.82,52.08,84.15,8.57,4,5,9.66,4.25,2,60.13
5.45,57.42,64.8,4.23,6,2,9.68,4.39,4,59.08
1.52,99.33,53.8,9.02,0,7,3.6,2.75,6,60.71
5.95,98.26,93.51,7.72,9,4,5.32,3.28,6,92.1
4.97,50.25,42.55,7.38,9,8,9.76,1.91,5,51.27
8.99,97.59,97.13,7.75,6,7,1.04,1.41,1,100.0
4.16,81.96,55.41,9.19,9,7,4.71,3.61,3,65.89
2.05,93.4,92.75,7.52,5,9,1.9,4.31,5,79.97
2.29,72.74,74.19,7.49,5,1,5.58,3.27,6,56.25
7.85,75.78,88.74,9.94,7,10,1.22,2.56,1,98.04
6.56,74.44,98.96,8.54,7,6,4.66,0.79,9,96.03
1.91,83.34,53.75,6.65,5,6,2.99,0.27,3,57.1
1.76,56.98,97.47,8.24,2,6,5.8,2.23,10,64.9
7.31,51.5,60.32,6.34,4,6,9.96,0.25,3,52.44
1.65,65.4,60.06,5.37,1,10,8.2,2.85,2,48.55
8.4,85.23,57.13,7.58,4,7,8.61,1.91,8,75.78
7.36,60.09,70.19,9.57,8,10,6.72,3.79,3,79.49
1.73,83.67,45.02,9.57,9,6,1.37,1.53,6,59.58
1.76,98.5,70.99,6.05,0,1,2.86,2.96,2,66.94
9.88,54.7,70.21,7.17,9,3,9.33,2.69,7,74.61
4.37,83.63,84.52,5.27,4,2,4.3,0.02,4,78.04
4.34,72.19,89.19,9.97,5,6,1.93,0.36,9,73.02
8.32,93.41,63.63,9.89,10,8,7.32,1.45,10,86.93
9.53,58.86,54.65,7.9,6,3,3.7,4.41,9,79.25
9.87,84.63,51.86,8.83,8,10,3.42,0.74,7,87.56
7.78,91.91,47.65,8.29,5,8,9.98,3.55,8,57.97
4.39,97.23,38.75,7.56,4,8,8.72,4.87,3,54.71
1.75,84.16,57.26,4.32,6,5,4.67,3.95,5,54.4
7.99,74.86,52.57,6.73,0,8,9.82,1.21,2,67.24
6.03,80.89,97.82,8.05,10,6,6.85,4.54,10,82.14
4.82,93.45,71.25,8.07,4,5,7.68,0.47,7,64.38
9.16,78.53,57.57,6.24,1,9,1.28,2.34,8,65.14
2.0,51.52,72.73,9.65,3,7,2.09,4.44,9,57.14
5.43,96.55,44.05,5.0,6,8,6.7,3.21,7,54.57
1.1,84.48,63.86,7.0,4,1,9.09,2.07,10,57.63
5.22,83.83,75.71,8.15,5,2,6.61,1.46,10,66.56
1.51,60.78,66.78,8.18,1,8,2.21,1.88,8,59.05
2.07,82.94,61.12,7.89,2,9,2.04,2.54,9,59.95
2.06,69.69,99.6,5.65,6,4,8.6,1.6,6,69.31
6.84,82.56,92.22,4.94,10,10,2.25,4.84,10,87.74
7.71,55.33,75.52,7.82,1,10,5.68,4.67,2,79.42
6.25,82.89,72.01,7.6,5,9,1.33,4.35,2,83.23
9.66,99.97,75.34,5.08,4,4,1.73,2.11,4,87.87
4.37,52.41,48.09,8.23,9,10,7.05,3.46,9,54.86
3.57,98.86,60.68,6.73,0,10,7.2,4.51,7,59.03
8.82,70.35,37.56,8.01,10,10,4.07,4.25,2,77.59
3.01,93.54,65.91,9.02,9,9,2.94,2.07,8,75.65
9.67,89.12,70.3,5.02,10,7,8.32,0.56,7,83.78
1.11,78.35,49.8,4.11,3,2,2.95,0.38,9,39.27
9.73,86.92,97.66,8.67,10,9,5.88,2.89,8,100.0
1.39,93.93,94.11,7.66,1,4,9.71,3.21,3,66.09
9.02,70.21,81.94,8.2,3,8,2.33,4.25,1,89.06
5.75,66.35,69.67,9.03,0,7,9.47,1.46,2,64.26
9.94,83.38,91.55,8.82,1,7,2.65,0.84,2,100.0
1.66,90.39,43.49,9.77,7,8,6.11,1.9,4,56.76
5.98,88.11,86.38,7.22,5,1,4.39,1.77,6,77.72
9.72,89.89,43.11,6.93,1,5,9.68,0.66,4,64.55
5.71,71.78,86.62,6.41,5,2,3.46,3.36,9,71.57
6.66,90.89,52.92,4.92,9,2,4.6,2.54,4,70.21
7.26,56.01,92.01,7.44,8,1,9.85,3.61,6,90.25
5.09,77.22,96.36,5.66,6,5,5.83,1.76,6,81.19
6.65,50.29,44.67,9.53,8,2,5.52,1.63,10,59.6
6.26,66.23,65.07,7.5,4,4,3.32,2.36,10,62.64
9.11,68.32,98.76,7.56,6,3,7.31,4.39,1,100.0
1.41,69.81,66.42,6.13,10,3,1.13,0.2,8,71.08
3.53,84.77,91.13,4.31,6,2,1.45,4.02,3,81.77
9.55,69.43,73.27,4.19,2,6,6.39,1.84,6,76.48
9.01,72.43,59.4,6.54,6,2,4.08,4.27,3,73.94
5.1,61.88,53.58,4.51,0,8,9.58,4.01,2,53.14
6.58,68.66,48.21,7.64,8,8,9.13,1.74,5,59.59
3.5,61.36,84.52,9.29,9,5,7.42,3.47,1,70.66
2.69,53.66,60.13,9.3,5,10,8.36,0.8,9,47.29
5.17,80.17,68.23,7.95,4,7,7.01,4.48,7,71.01
4.18,83.41,67.0,5.27,6,4,2.13,2.02,3,62.11
6.25,80.97,72.52,9.18,4,1,7.89,2.28,4,69.85
1.7,73.17,91.26,9.32,9,2,2.89,3.53,6,76.57
9.77,68.99,98.75,5.18,4,10,3.91,4.1,3,99.45
9.88,93.17,61.49,8.42,10,10,8.37,1.18,7,83.37
7.28,75.95,88.79,5.72,9,4,5.83,3.31,6,90.11
5.82,73.96,84.69,8.82,10,1,8.74,1.96,9,82.34
3.79,51.28,72.28,9.98,6,8,2.92,1.84,5,64.59
8.32,67.06,97.14,4.18,9,9,6.47,3.45,4,95.93
7.16,69.01,48.03,9.38,6,4,1.75,1.94,3,68.84
2.46,69.94,42.1,7.74,10,10,6.79,1.73,10,50.97
9.2,79.01,90.51,9.84,2,3,7.86,4.18,1,87.9
8.4,76.68,63.54,6.79,2,2,6.26,0.51,3,69.71
9.55,80.4,90.05,9.08,9,5,3.4,3.38,3,97.6
7.53,88.24,93.05,4.37,2,3,1.28,1.24,7,78.75
6.52,90.65,39.06,6.01,5,10,2.08,0.08,7,60.33
4.76,85.91,92.43,4.4,5,7,6.6,0.83,1,79.63
9.39,97.78,64.14,9.85,2,6,9.41,3.03,3,79.81
8.79,50.91,68.18,8.9,2,1,2.86,3.55,8,73.44
1.41,59.79,75.73,9.12,7,8,7.62,0.11,9,61.19
1.24,50.38,95.21,9.63,7,2,8.8,0.18,7,65.47
4.39,82.37,36.24,4.51,6,5,5.69,4.51,7,53.93
8.29,94.9,65.99,6.31,9,9,7.02,0.37,8,88.08
9.89,62.17,79.7,4.43,3,8,8.34,4.47,6,84.29
2.35,96.35,81.98,5.26,3,2,3.35,1.14,3,75.23
6.35,53.01,80.01,5.38,2,9,3.67,3.7,1,77.45
4.43,96.72,43.74,6.81,4,5,1.01,1.55,7,71.36
9.73,67.58,54.46,5.61,2,10,9.67,4.29,1,71.32
8.58,55.07,58.32,4.61,7,6,9.26,3.5,1,69.0
8.54,74.29,87.29,5.0,6,3,7.88,2.01,9,90.02
5.22,62.84,53.12,4.88,2,3,1.71,0.38,10,38.99
4.73,64.24,48.7,9.84,8,10,5.03,3.66,7,63.91
3.46,65.36,97.23,8.56,4,8,1.92,3.08,4,87.4
1.51,90.15,35.58,9.81,8,10,1.14,0.01,6,63.57
8.78,76.96,99.86,6.64,6,10,6.55,0.05,1,100.0
8.32,65.57,78.99,5.67,6,2,9.65,4.04,7,73.79
10.0,80.52,88.85,8.79,5,2,9.13,1.3,6,85.56
9.97,85.81,54.15,5.96,1,5,7.27,3.18,4,68.58
6.0,63.63,35.93,5.8,8,6,1.87,2.27,7,59.12
7.92,70.68,82.96,5.4,5,2,3.47,4.32,3,88.87
9.5,56.09,89.22,4.78,7,5,3.88,4.58,1,96.3
8.65,59.06,83.13,5.54,0,7,7.87,4.98,4,73.9
3.23,84.06,44.29,6.13,4,10,8.22,0.77,3,54.58
5.05,59.07,83.97,8.04,0,10,4.47,4.31,1,71.06
2.16,76.26,84.98,4.38,9,8,4.76,1.33,2,70.2
9.59,85.45,77.81,5.26,10,7,1.4,2.95,5,98.38
6.46,55.34,84.8,8.85,7,8,3.6,2.53,8,88.88
3.06,78.37,89.98,4.88,7,9,5.06,0.09,1,73.16
7.05,62.83,74.88,6.06,0,5,2.05,4.66,4,72.62
6.56,98.15,40.76,9.19,8,5,5.08,0.39,4,68.74
4.22,74.18,66.7,4.93,1,10,8.68,3.44,5,63.23
2.02,90.3,40.05,4.5,8,4,6.23,3.93,7,47.28
7.04,77.51,61.49,6.91,0,9,1.71,3.98,8,59.76
5.68,52.17,61.46,5.81,9,5,2.73,0.68,6,70.82
7.95,81.66,39.29,7.38,8,2,5.27,2.24,1,66.18
5.68,97.57,57.67,8.82,3,10,4.25,4.15,7,71.6
8.67,80.08,42.21,4.82,8,8,4.23,1.51,3,72.22
5.97,90.96,87.54,7.48,6,7,5.76,2.34,6,85.84
6.05,94.21,96.6,7.03,10,8,6.26,1.36,8,93.55
8.89,61.4,39.7,4.86,5,3,8.17,2.32,7,47.22
4.63,60.6,97.08,7.74,4,4,4.07,4.44,10,78.54
2.21,80.55,68.97,5.64,10,5,8.25,2.28,6,53.47
1.26,70.55,54.47,6.93,8,6,4.05,2.78,9,58.03
7.8,91.99,40.0,4.49,1,1,1.5,2.02,9,63.28
6.58,95.0,67.54,6.76,10,4,5.99,2.3,1,74.52
7.34,67.67,86.64,5.84,1,10,6.29,0.08,1,80.0
2.92,61.84,80.96,8.93,10,5,9.41,1.42,1,77.0
2.23,89.03,38.26,4.34,8,7,7.53,2.18,8,45.69
1.13,63.74,39.74,6.51,2,5,9.26,3.17,10,37.68
4.16,91.13,61.19,6.75,7,1,9.18,2.25,7,47.66
6.31,71.19,54.19,8.35,10,7,6.44,1.69,3,77.26
4.53,83.38,50.1,7.45,8,8,5.75,1.94,2,66.62
4.94,54.78,53.27,8.0,7,7,6.02,1.21,4,59.63
9.14,81.19,87.23,8.66,3,4,9.8,4.62,3,90.69
4.13,72.59,95.4,9.17,0,8,7.96,2.61,7,82.35
5.63,79.33,61.33,5.88,3,5,1.96,0.07,10,65.97
8.05,58.4,93.9,7.23,8,10,8.01,0.1,8,93.41
4.57,86.84,55.9,9.04,1,9,2.53,4.86,6,58.96
6.6,93.14,65.97,9.94,2,10,5.03,1.11,3,81.88
8.76,60.84,49.69,9.34,9,5,2.89,4.03,6,74.37
9.55,54.79,76.63,6.23,7,1,7.21,0.29,2,73.66
2.32,51.18,98.63,5.17,5,9,8.9,4.61,7,57.26
9.34,82.1,74.23,6.94,7,5,3.61,4.37,10,87.47
5.43,80.35,58.26,8.45,6,6,1.74,2.86,7,75.34
3.32,77.33,77.11,6.96,4,4,3.69,0.04,4,74.6
5.13,61.6,42.99,6.9,8,6,7.05,1.29,8,60.4
9.82,69.55,92.76,9.03,3,8,3.96,2.03,4,89.62
5.43,79.72,67.7,6.17,5,3,3.5,2.3,7,74.74
3.96,74.84,64.21,9.16,1,5,2.66,1.49,4,71.55
6.7,99.39,73.08,6.44,1,2,5.48,0.16,5,71.11
3.16,56.82,75.61,5.97,1,2,3.48,2.95,7,57.2
1.68,84.76,39.67,6.72,9,7,7.58,2.62,10,44.63
2.16,70.22,79.37,8.57,6,10,1.69,1.42,3,81.43
2.15,71.41,50.73,4.76,1,10,6.98,0.19,10,36.11
2.37,85.88,81.41,5.18,1,10,3.14,4.97,5,71.1
2.25,84.62,88.46,9.71,8,6,5.4,2.41,3,76.92
6.77,99.56,87.26,5.05,6,4,3.57,3.78,5,80.4
2.64,56.42,70.91,7.41,10,5,7.5,2.26,3,54.98
4.11,55.21,68.81,7.48,2,1,9.51,0.22,10,50.14
9.07,86.22,44.29,6.94,2,7,9.25,1.55,7,56.91
5.27,78.92,85.4,7.87,6,8,6.25,1.6,1,82.08
7.01,63.71,52.64,5.38,4,9,5.16,4.19,9,70.38
2.55,53.97,67.29,7.32,9,8,8.36,3.27,9,60.02
2.73,54.28,53.48,6.23,5,5,7.15,1.38,5,58.91
1.37,94.71,43.7,7.97,7,3,2.65,4.84,9,50.01
2.52,59.59,75.92,4.85,8,10,8.39,1.61,10,53.57
3.51,66.17,38.53,7.43,0,9,4.86,4.99,6,42.23
2.59,61.33,83.66,5.11,2,6,2.7,4.98,5,64.04
1.8,67.75,55.64,5.67,10,5,3.54,0.96,3,71.96
2.09,53.47,35.01,5.31,6,3,3.41,1.56,8,30.97
5.15,75.95,68.22,5.1,5,6,5.67,2.43,4,70.16
2.86,53.38,38.05,8.95,6,3,3.11,3.32,10,43.19
4.28,90.02,52.95,5.71,7,10,2.11,2.64,3,67.87
5.53,61.69,80.95,9.56,5,6,2.11,4.85,6,72.54
7.21,77.0,39.07,9.82,2,4,6.25,3.62,8,63.28
1.35,94.0,89.56,7.43,1,2,7.61,1.06,9,62.91
8.19,82.54,35.25,4.86,6,8,3.89,0.53,6,68.17
6.65,76.65,51.04,6.25,10,4,1.31,3.44,5,72.78
1.74,66.22,83.16,8.79,0,9,2.15,0.79,2,57.91
8.86,66.65,55.56,6.2,2,7,9.23,3.94,2,71.71
9.29,83.47,41.62,4.52,10,2,5.44,1.56,9,56.62
1.55,99.71,58.42,7.34,3,4,5.08,1.63,2,49.99
3.49,83.09,52.58,9.07,0,5,1.34,0.05,2,55.75
8.26,77.89,89.78,8.78,4,3,7.56,3.51,3,81.63
7.73,86.53,55.37,5.05,9,9,5.75,0.57,3,82.17
2.66,73.26,86.28,8.04,2,5,2.82,3.86,4,70.32
2.88,53.01,92.97,5.32,1,2,1.99,2.46,7,69.92
4.33,78.11,63.2,5.31,2,3,4.45,3.92,9,55.05
5.36,97.88,94.15,9.24,7,9,8.53,2.92,2,92.57
6.56,58.77,59.53,5.5,5,7,8.79,0.41,4,63.51
4.32,84.5,97.67,5.58,6,2,6.43,3.83,9,80.33
5.16,60.05,40.8,4.0,5,9,7.55,0.35,2,48.32
7.73,76.79,79.66,9.22,5,4,2.04,2.39,10,80.79
1.33,54.83,67.1,8.76,2,9,6.29,0.86,1,54.73
3.27,72.52,60.2,7.76,7,2,7.0,3.76,10,49.35
7.42,87.81,76.13,8.5,6,10,2.81,4.56,8,86.27
9.06,67.38,80.75,4.91,6,4,8.92,2.77,9,73.63
5.61,83.25,35.28,6.75,5,5,2.75,2.64,7,60.13
5.79,89.77,45.85,6.11,4,2,3.82,3.82,8,59.93
1.96,96.36,81.35,4.56,9,10,6.59,0.03,4,79.69
5.03,61.73,78.32,6.92,7,1,6.75,4.59,4,70.29
5.79,69.97,97.79,9.52,4,7,7.29,0.99,2,82.06
3.18,57.62,84.47,4.24,8,10,2.01,4.92,8,71.74
3.42,99.62,96.8,5.75,8,1,8.65,3.68,2,84.25
4.4,96.35,80.67,5.25,0,8,5.8,3.87,9,60.01
1.18,77.0,54.37,5.43,5,3,5.24,3.28,4,47.05
3.9,92.1,41.85,9.45,6,10,9.83,2.36,1,58.21
2.9,76.05,85.82,6.81,2,6,7.66,2.86,4,69.04
3.95,81.18,76.87,6.8,6,7,2.06,0.23,3,77.91
2.08,54.46,38.13,8.56,10,10,7.81,3.12,6,50.72
9.01,87.76,58.4,4.93,10,1,1.86,3.13,7,66.34
6.34,56.39,97.19,6.92,6,6,1.25,4.46,8,76.26
7.11,91.3,67.53,6.58,10,7,4.63,2.53,2,82.68
8.1,89.1,63.13,7.58,1,6,9.94,0.39,6,66.24
5.49,85.44,64.75,10.0,6,4,2.57,1.53,6,75.36
1.78,51.81,48.58,8.62,0,1,7.05,3.28,10,35.51
5.83,65.16,58.97,6.39,4,9,2.56,1.2,5,73.78
6.28,63.16,59.04,8.97,8,4,7.52,1.4,10,53.59
7.71,68.01,38.4,5.02,6,7,5.55,4.1,10,58.99
4.88,54.38,84.89,4.18,6,7,7.12,2.92,7,71.63
2.15,96.85,62.07,5.23,10,2,2.83,2.54,3,70.45
3.55,77.69,88.44,6.04,1,1,7.71,1.59,4,69.22
4.27,65.28,90.27,7.06,7,8,9.96,3.65,10,76.61
6.81,69.85,48.78,7.69,2,8,6.99,1.44,9,55.5
6.14,72.36,77.73,9.46,7,7,5.44,3.69,4,75.89
4.2,80.03,65.7,7.06,2,8,9.31,0.35,3,51.54
9.88,75.78,92.21,7.01,9,3,1.14,4.32,2,97.83
6.45,95.97,49.02,4.3,6,2,7.57,2.5,5,57.85
3.14,74.85,79.06,4.21,1,7,9.0,2.19,4,65.2
1.92,99.61,74.5,7.31,3,8,1.56,3.06,8,68.24
2.38,92.57,54.19,6.63,10,1,5.05,3.12,7,55.54
3.21,60.43,43.88,9.04,5,10,2.84,0.66,6,49.69
2.45,96.53,77.36,4.96,10,9,6.1,3.78,2,85.89
2.68,55.82,83.01,4.15,8,4,6.85,1.38,3,63.52
3.57,90.87,55.52,6.69,4,4,3.72,4.52,10,55.58
2.56,69.03,76.91,5.42,8,3,5.14,4.09,9,64.06
9.07,93.9,60.68,4.3,4,6,3.51,1.73,9,83.61
1.72,93.4,81.36,8.35,9,1,4.32,4.04,5,72.42
5.72,90.3,47.95,4.67,7,6,2.44,1.78,3,70.06
4.69,89.5,92.86,7.65,0,2,8.97,0.5,2,79.51
9.84,65.23,53.68,5.69,6,9,1.09,4.81,8,66.24
2.01,54.05,58.91,5.04,3,2,8.94,3.26,6,40.02
4.58,70.15,38.78,6.28,4,7,6.15,2.28,10,54.04
9.73,58.68,42.25,8.81,5,1,3.98,1.99,7,61.54
8.79,84.75,68.53,6.35,4,7,7.51,1.62,1,80.94
8.35,67.3,52.39,8.5,0,5,5.57,4.91,1,63.35
3.32,98.78,89.31,4.75,8,8,5.49,0.67,10,74.53
2.54,82.05,35.96,8.64,1,4,1.99,1.57,2,47.34
7.02,91.12,59.64,5.42,8,10,4.51,2.43,10,77.42
9.36,56.63,56.93,8.06,9,7,3.17,2.39,3,80.22
6.01,93.1,36.26,7.39,1,6,1.14,2.36,1,62.62
6.14,96.14,43.08,9.57,8,5,4.24,0.88,5,82.87
3.52,74.35,61.89,6.32,5,4,1.81,0.72,3,72.08
7.93,80.31,67.04,4.4,10,7,3.31,1.27,1,72.15
2.68,88.24,61.28,4.11,8,5,1.83,4.57,8,61.06
3.91,58.74,69.51,8.96,5,5,1.91,0.57,6,78.84
4.83,75.13,73.68,7.15,5,1,2.79,3.79,9,65.86
5.57,69.93,35.65,8.65,10,2,10.0,3.79,3,67.41
3.18,57.32,65.17,5.41,1,5,1.02,4.05,9,52.5
2.03,68.38,97.63,6.07,7,3,6.75,4.43,9,68.74
6.5,53.41,68.74,4.18,2,2,2.27,1.32,1,68.26
3.6,51.29,79.04,9.77,6,4,9.29,1.12,3,65.5
6.23,56.76,55.27,8.01,4,4,1.84,2.33,6,66.11
2.39,98.16,85.31,9.6,2,4,9.6,1.33,8,76.11
5.33,77.48,85.24,5.59,0,4,6.5,3.67,4,73.59
5.79,98.29,68.88,7.67,7,3,1.01,3.18,5,81.19
1.47,71.62,98.44,8.07,2,7,9.05,4.37,9,75.42
4.03,65.59,43.16,5.91,1,9,5.7,0.41,6,52.15
2.21,75.31,36.1,9.09,0,5,3.36,4.58,7,41.75
1.57,71.98,85.06,9.68,3,4,7.91,1.47,7,73.73
9.91,55.28,87.47,9.31,7,2,9.34,2.45,4,88.84
3.9,82.04,42.81,8.43,2,2,5.35,2.19,4,51.86
8.29,60.8,52.26,5.66,0,5,3.84,3.8,4,51.66
3.29,80.98,36.14,5.69,3,7,8.1,2.1,5,38.78
7.13,82.51,54.07,9.78,8,10,7.14,4.72,5,85.11
7.84,57.6,85.25,4.06,0,10,9.0,4.51,8,78.22
6.36,53.07,68.67,8.3,10,9,7.23,4.36,9,73.32
5.24,89.04,57.63,8.24,1,7,3.19,0.36,2,58.94
4.71,72.99,59.16,7.74,8,5,9.38,4.27,7,57.61
4.14,52.91,35.09,9.94,1,10,1.94,3.91,1,45.65
9.37,99.74,54.49,5.87,2,10,3.41,0.52,1,70.55
8.48,52.89,77.02,6.04,6,10,5.68,0.54,4,88.42
9.69,84.75,98.32,4.47,2,6,6.09,0.51,10,96.36
2.12,99.18,90.06,6.66,8,3,1.14,0.06,7,73.15
7.58,61.96,36.53,5.57,5,5,8.03,2.74,2,55.32
9.45,57.11,93.41,6.06,2,8,4.25,4.87,2,80.97
2.63,56.07,85.91,9.01,8,1,4.66,2.19,1,72.11
1.6,65.16,85.72,9.61,0,1,8.28,2.7,10,65.02
7.67,55.05,64.77,5.11,9,7,4.41,4.84,2,80.28
6.17,84.61,60.87,6.24,2,5,1.43,1.28,7,71.51
8.58,53.11,54.69,9.57,0,5,2.59,4.29,9,64.41
2.26,75.47,39.27,4.37,1,1,9.6,2.73,6,41.6
8.16,99.83,49.84,4.55,7,9,1.63,2.85,10,77.53
2.81,90.7,51.03,4.98,6,1,4.19,1.72,2,58.79
2.47,80.76,66.47,7.57,1,5,5.53,2.81,10,55.67
2.48,65.31,83.58,4.9,1,10,5.44,0.37,10,61.1
8.33,81.19,65.8,9.81,8,9,1.04,3.82,9,88.21
6.99,76.35,38.76,6.68,5,4,5.51,1.42,7,55.01
5.71,71.3,97.26,7.01,4,8,4.45,4.44,1,82.1
4.23,56.54,96.28,5.48,9,6,9.75,1.84,9,67.05
8.89,94.33,86.04,6.83,5,3,2.43,0.71,2,87.11
4.53,72.49,99.44,7.97,8,4,4.19,3.48,4,84.89
8.35,59.73,70.39,8.51,10,2,4.78,0.82,9,75.87
4.95,68.39,97.58,8.52,6,1,4.52,3.77,4,79.11
4.39,70.71,39.91,7.47,9,8,6.99,4.84,3,55.93
5.16,91.38,58.77,9.43,9,1,2.94,3.9,1,78.22
3.71,86.68,49.65,8.9,8,1,2.99,0.11,7,69.17
7.73,88.47,47.73,8.54,3,4,7.56,3.0,6,65.54
5.52,50.55,44.15,4.33,1,10,5.5,3.48,10,46.25
3.09,70.81,75.46,4.04,7,10,4.74,4.13,4,63.47
9.1,74.07,85.79,5.27,3,6,2.52,0.28,6,82.44
4.46,50.96,72.59,7.98,8,9,2.69,2.4,6,77.59
5.89,62.99,44.55,6.47,3,1,1.09,2.68,4,61.75
9.16,88.01,87.72,6.41,7,7,1.82,0.85,6,98.81
6.62,56.86,76.34,9.31,8,10,6.01,1.61,10,81.79
2.05,76.77,60.23,9.37,8,5,9.03,2.2,8,60.96
9.46,60.76,78.82,9.46,9,8,3.58,4.17,3,94.5
6.65,50.61,51.89,5.88,3,7,3.95,4.65,4,61.11
4.01,62.06,57.44,8.15,0,4,2.04,3.14,10,52.3
2.25,98.79,94.64,5.63,2,4,4.5,1.97,1,75.65
8.15,90.08,53.88,5.14,8,6,1.33,1.27,4,78.19
6.58,97.98,65.55,5.11,3,6,9.26,4.91,10,69.91
5.8,74.39,92.86,6.05,4,9,7.06,4.92,10,78.26
9.05,55.49,81.0,6.58,6,5,9.92,4.62,9,86.04
8.1,77.4,39.04,8.99,4,8,8.95,3.93,8,56.05
2.37,72.72,44.57,4.72,3,5,5.26,1.63,4,49.73
3.81,92.22,35.51,8.41,1,2,5.68,4.09,7,49.01
3.24,54.9,76.01,7.19,1,6,2.72,2.04,10,59.35
7.7,74.41,64.1,5.73,3,9,5.16,1.63,3,68.14
1.3,57.5,43.73,6.96,9,3,9.13,3.72,9,47.69
6.13,66.23,97.27,5.8,9,1,1.46,0.4,10,86.02
7.86,86.87,69.43,7.58,8,1,8.77,0.24,4,81.09
8.89,73.8,50.72,6.6,7,3,4.07,2.24,2,73.5
4.08,68.79,67.54,4.99,2,10,9.1,2.23,10,54.1
8.39,69.72,79.18,4.7,8,5,9.47,4.48,5,77.63
2.0,72.97,39.96,7.28,4,3,7.04,0.63,2,47.53
8.62,89.25,52.86,9.41,10,9,6.98,0.62,10,68.55
2.15,94.6,87.45,6.06,2,8,5.07,0.74,6,74.45
4.58,97.77,64.88,8.4,4,3,8.52,0.15,10,76.12
8.18,89.35,70.53,7.95,9,9,9.65,0.36,1,87.37
2.35,65.77,63.13,9.59,3,6,7.98,3.3,6,55.15
3.06,84.41,37.85,8.93,7,7,6.6,2.16,4,55.35
7.5,71.88,45.77,7.4,4,4,6.46,3.82,3,66.62
7.48,62.73,63.96,7.94,9,4,8.65,4.96,2,72.84
6.77,92.04,48.6,9.39,7,2,5.87,3.3,7,73.61
7.25,51.92,38.25,6.4,8,5,8.23,0.25,9,52.0
5.88,95.09,89.84,5.96,3,8,5.58,0.52,3,91.07
3.27,73.07,98.78,4.06,6,7,1.56,4.41,6,87.11
4.11,81.86,86.55,8.96,1,7,4.46,2.64,9,71.93
2.63,82.97,90.5,8.81,5,6,5.0,4.12,2,78.3
9.18,94.76,50.73,4.63,7,3,2.27,4.28,7,74.62
6.25,81.83,97.44,7.46,6,5,1.92,4.64,5,90.6
4.61,80.7,47.8,6.78,6,1,5.82,4.75,5,53.34
5.16,53.33,96.84,4.71,7,7,1.77,2.77,7,73.78
9.53,75.92,99.66,9.88,6,9,3.73,1.71,9,100.0
2.38,57.51,81.26,5.29,4,1,7.7,4.81,4,63.6
6.28,86.87,98.77,4.4,6,2,9.68,2.74,9,83.74
5.55,75.61,72.02,7.57,9,3,7.46,0.32,10,69.78
6.5,84.01,51.87,8.43,2,3,9.93,3.21,9,68.0
1.16,52.08,63.4,4.19,4,8,7.29,2.94,4,47.83
8.85,54.24,73.58,7.95,6,7,3.64,4.48,3,86.37
9.39,85.82,39.75,7.19,8,6,7.05,3.27,2,65.55
6.09,53.6,75.45,4.62,1,10,7.32,1.75,9,60.45
7.27,53.56,98.78,5.04,3,10,4.35,4.83,2,83.57
9.3,50.61,47.36,7.41,6,4,1.16,4.01,6,68.52
7.37,97.83,86.52,5.78,0,9,7.33,3.15,5,74.3
2.37,86.88,94.01,9.63,1,1,1.2,1.46,5,79.17
6.19,67.66,96.34,8.91,8,2,6.68,1.87,4,90.41
6.46,64.83,97.41,9.9,9,4,2.47,3.35,6,88.14
4.82,67.49,68.89,5.56,6,3,6.09,0.36,5,57.71
7.63,88.73,98.53,9.82,9,1,5.54,1.28,4,92.55
9.41,83.07,84.23,6.59,6,5,1.12,3.57,9,92.59
9.33,59.26,45.51,6.09,5,7,4.27,2.4,6,62.78
5.06,58.71,66.0,4.3,2,2,6.41,2.01,10,52.05
2.02,54.92,81.69,4.32,9,5,8.64,0.76,10,52.42
9.86,83.02,51.08,8.15,2,6,9.0,2.21,10,77.39
8.55,88.22,76.64,6.75,1,7,5.35,3.85,3,81.84
2.12,63.25,78.33,5.36,10,1,7.56,1.32,10,65.23
9.29,51.05,45.58,7.68,5,7,3.85,0.03,6,68.05
8.83,54.11,71.73,5.52,3,4,4.08,3.34,1,73.82
5.67,98.39,85.16,7.47,4,8,2.75,4.86,5,85.42
6.32,64.77,67.43,6.16,2,4,6.06,3.03,10,57.93
4.59,88.46,35.79,8.94,5,6,3.83,0.6,6,55.87
1.49,81.23,35.59,8.92,10,9,1.76,1.6,8,51.24
4.02,69.1,58.21,6.86,2,5,7.17,4.34,9,48.28
8.23,60.28,95.2,6.1,7,4,7.37,1.16,3,95.17
1.04,56.07,49.86,6.18,8,8,4.24,3.04,2,53.58
4.0,80.75,76.23,8.83,3,9,1.69,2.01,4,83.14
4.58,88.73,49.43,5.97,8,4,4.84,1.04,8,57.09
5.84,82.2,55.91,5.25,6,3,4.98,4.07,8,56.97
9.28,76.52,90.12,4.51,2,8,7.02,3.71,3,79.58
4.12,52.1,82.38,6.8,6,5,3.84,3.31,4,68.25
4.12,98.42,41.2,6.89,0,2,7.14,1.18,3,51.13
7.64,89.94,62.87,9.05,2,10,8.84,0.49,10,70.54
5.07,64.64,36.9,5.33,5,9,3.14,2.88,2,51.59
3.02,99.0,66.26,6.29,3,3,9.81,2.77,4,60.63
5.07,80.09,78.06,8.85,6,2,4.48,0.94,6,76.02
2.27,79.12,42.7,8.94,2,1,3.41,0.28,5,52.31
2.59,87.4,53.78,6.31,0,8,4.79,0.4,3,61.86
5.49,90.59,60.86,6.75,8,3,1.85,4.96,2,74.01
4.77,82.82,94.77,5.82,5,7,2.13,3.92,9,87.67
9.23,56.4,99.56,9.6,7,1,4.73,4.61,1,95.61
4.26,66.91,37.92,4.71,2,1,7.86,0.98,9,31.12
6.23,96.4,84.47,9.6,7,9,9.1,4.8,1,98.45
6.69,61.23,59.16,8.1,1,8,6.98,0.71,7,72.81
1.12,68.61,60.51,7.19,3,3,1.95,2.55,6,56.17
6.97,71.6,84.03,4.2,2,6,7.05,4.15,7,72.15
2.6,71.97,94.7,6.85,9,3,6.72,1.75,3,74.53
9.65,80.65,96.81,6.45,0,4,8.25,2.12,3,83.77
2.34,97.15,72.51,4.97,6,1,8.43,0.64,1,69.37
4.73,62.03,58.21,7.94,10,5,8.81,0.61,4,63.5
1.77,56.08,86.19,9.83,9,1,4.73,3.1,2,80.23
9.97,59.87,51.32,7.37,1,1,7.28,3.38,10,60.71
5.52,94.35,71.66,8.29,3,10,3.41,3.89,8,75.24
6.36,82.29,58.31,4.41,8,7,9.99,2.78,3,63.72
1.6,64.3,77.68,6.51,5,6,2.58,3.23,7,59.32
7.75,90.8,50.63,4.7,7,2,1.09,0.07,7,72.17
2.89,93.07,47.45,7.68,1,2,2.34,0.81,9,45.8
9.08,92.33,94.69,9.63,6,7,7.98,4.92,6,92.84
2.85,95.95,41.62,7.97,5,1,5.02,0.38,1,62.32
2.72,62.61,67.89,4.46,8,2,5.03,3.39,8,52.44
1.33,87.75,49.36,6.13,6,8,9.6,0.88,1,56.84
5.25,73.03,37.53,7.3,0,6,9.28,3.58,3,38.22
6.08,92.1,37.34,6.42,7,2,3.8,3.53,5,68.9
1.59,86.42,46.39,9.0,10,7,2.88,1.17,8,54.14
7.98,88.82,91.34,8.89,9,4,8.64,1.35,9,85.1
5.08,82.81,53.36,7.67,2,2,9.15,3.27,7,59.04
5.72,58.87,96.78,6.24,1,6,5.87,1.95,9,73.85
4.97,77.25,72.81,5.53,2,9,6.66,0.97,3,71.7
4.61,99.23,63.38,4.64,10,9,3.31,3.66,5,69.5
6.04,96.87,72.71,6.13,5,8,8.21,0.77,10,70.77
2.4,52.16,68.59,6.48,2,3,6.69,4.28,8,47.41
2.64,58.24,84.32,8.05,9,3,5.53,2.57,1,66.65
8.76,56.59,53.36,7.95,4,2,1.54,0.53,8,69.66
9.52,86.3,57.95,4.42,5,5,9.24,3.47,7,74.79
4.36,90.89,93.12,6.37,7,4,6.54,2.6,1,80.99
3.44,60.68,96.52,5.09,6,7,2.73,1.49,10,80.64
6.8,75.29,93.02,4.94,10,4,6.46,2.11,10,78.37
4.68,92.04,62.26,8.96,7,9,7.1,1.49,6,79.64
1.23,86.64,85.72,4.25,2,2,5.73,1.32,1,65.2
2.41,77.11,65.96,6.52,3,6,7.46,0.82,2,52.09
7.44,79.52,67.34,5.01,5,7,6.23,1.81,5,82.29
6.93,75.42,48.3,9.28,10,4,9.53,1.25,2,66.81
1.24,64.88,73.42,7.34,6,6,1.48,3.42,10,67.8
3.0,78.25,47.1,5.39,8,7,1.96,3.42,1,61.99
3.08,84.44,56.55,7.01,0,4,2.56,2.51,6,58.03
7.05,93.67,90.58,8.39,7,8,7.21,3.89,8,94.08
1.18,81.81,48.46,9.75,7,9,6.81,4.21,8,60.35
1.94,88.06,39.63,5.32,5,1,9.03,2.9,8,40.11
8.2,58.0,39.49,9.32,3,7,7.6,3.09,6,62.06
2.61,73.08,96.15,9.61,2,9,5.58,1.41,3,79.17
6.87,50.47,67.95,9.5,10,10,9.93,4.47,1,78.22
3.14,62.33,61.61,7.81,2,5,3.39,0.12,2,57.23
1.89,86.32,87.71,7.78,5,2,8.5,1.74,5,69.09
3.19,99.59,89.33,6.42,7,10,4.84,3.61,10,89.84
7.5,54.96,56.59,8.51,6,6,6.84,0.4,5,65.1
8.7,70.07,80.09,7.19,10,7,7.55,0.92,10,89.2
8.47,90.0,85.12,8.06,0,2,6.7,2.95,1,80.09
4.57,60.2,77.55,6.57,10,2,2.26,2.8,1,71.38
7.01,77.75,44.85,8.39,5,10,4.99,3.69,9,82.33
2.84,86.65,91.93,8.95,6,10,6.05,4.06,2,85.63
3.64,80.8,70.04,4.88,6,1,8.64,0.64,7,61.75
9.07,59.4,53.36,9.0,8,4,4.99,0.09,10,73.37
1.12,67.77,62.64,7.24,10,7,9.27,3.45,4,65.38
1.77,89.19,37.44,9.07,10,9,4.96,1.51,7,59.51
2.87,77.71,43.31,6.59,9,3,5.94,3.13,8,56.88
1.24,50.26,84.76,6.27,4,7,8.17,0.75,5,52.22
2.63,88.05,35.0,9.49,0,7,6.25,2.35,1,54.96
6.25,51.77,62.08,5.51,1,7,9.64,2.52,4,54.87
4.79,87.29,68.96,9.07,3,2,6.94,2.93,10,69.03
9.03,60.12,38.55,6.9,4,6,5.7,2.57,3,53.37
8.36,97.9,98.25,7.08,8,2,1.21,2.48,10,100.0
4.08,68.4,49.7,5.85,10,6,4.72,1.66,5,49.27
3.33,66.35,54.77,7.44,0,10,3.69,0.36,10,50.95
4.42,57.44,54.76,5.95,2,3,7.73,0.45,10,38.23
6.31,65.28,49.98,4.24,4,2,2.87,2.17,6,59.93
3.41,93.83,35.1,5.63,2,6,2.85,1.78,2,52.45
6.62,99.82,82.41,4.04,3,2,2.71,2.58,7,73.69
4.68,68.42,97.84,9.87,2,5,2.13,1.52,3,90.19
5.97,72.43,49.58,9.79,3,2,3.8,3.44,1,60.48
4.93,86.1,78.1,6.37,0,3,8.97,4.32,10,47.78
3.65,94.31,83.22,8.37,7,3,7.97,1.49,3,79.12
9.54,79.65,90.15,6.07,3,6,7.62,0.96,9,74.49
7.87,69.58,62.47,8.03,6,6,8.18,0.58,10,64.65
2.26,70.63,54.69,8.83,1,10,3.42,3.08,6,53.59
8.82,84.78,56.14,9.68,1,3,8.99,2.22,6,61.73
5.39,50.16,81.32,6.4,5,3,2.24,0.94,4,68.3
9.05,80.98,88.09,8.7,1,1,4.03,3.27,8,77.14
8.2,67.77,46.8,5.6,5,7,6.28,0.74,5,63.84
4.83,89.71,59.11,9.94,10,8,1.93,2.77,7,72.19
1.2,54.65,93.63,4.15,1,2,7.57,2.64,9,53.44
3.42,79.41,87.44,7.62,3,4,4.49,3.67,5,78.74
5.87,74.05,99.02,7.96,6,10,8.06,0.28,5,89.65
6.7,82.12,84.03,8.13,7,7,5.44,4.44,4,85.82
3.32,53.24,60.56,4.72,2,8,2.63,3.51,6,48.88
2.25,79.0,73.39,9.63,8,1,7.61,1.08,2,68.55
8.51,78.07,77.97,5.09,1,4,3.27,0.92,3,73.77
9.86,78.03,40.1,7.74,7,6,5.42,2.16,1,74.4
5.73,80.17,70.39,5.34,7,3,1.68,4.09,2,67.25
2.55,83.82,81.11,5.84,3,5,6.56,4.21,2,71.19
3.45,90.25,45.88,7.28,0,10,6.99,2.6,8,52.41
1.17,63.49,85.74,6.5,0,9,4.41,4.3,8,71.31
9.23,91.25,72.95,4.96,1,3,9.59,0.03,2,80.47
2.06,74.91,96.89,5.03,8,5,8.87,0.18,6,73.05
6.19,53.85,37.76,6.51,1,8,7.37,4.56,5,48.39
3.47,52.93,52.25,8.54,1,6,7.42,3.88,3,47.09
5.99,66.71,74.1,9.39,5,4,3.27,2.25,5,80.19
6.86,89.24,54.28,4.5,6,8,6.91,3.77,5,66.79
8.47,85.38,81.44,6.36,6,3,2.78,4.78,5,92.57
2.86,89.43,84.34,4.6,8,3,2.3,3.86,3,77.83
1.1,75.86,41.66,4.1,5,4,10.0,4.21,3,42.4
2.23,72.01,68.4,7.97,7,9,6.6,3.8,4,68.66
9.1,57.37,68.08,7.61,10,5,4.88,0.84,7,74.75
8.87,66.41,59.0,4.98,5,8,3.59,4.17,2,69.23
6.38,71.7,95.64,5.4,1,6,6.44,0.98,10,68.66
6.4,54.43,88.79,4.14,0,3,1.45,4.46,4,76.74
6.99,61.03,80.32,9.01,4,8,1.85,2.29,4,77.1
2.58,79.91,81.43,9.85,8,9,1.3,3.38,1,78.76
9.23,86.78,65.01,4.81,7,8,5.49,2.49,10,80.5
4.77,99.92,94.86,5.39,3,4,6.41,0.47,8,75.82
4.45,96.66,80.15,9.21,4,6,1.56,1.45,1,81.36
5.67,82.13,82.38,9.56,4,1,7.49,4.92,8,72.79
1.42,71.06,91.01,6.52,5,4,3.07,4.8,7,57.4
2.5,81.81,52.81,4.3,2,8,7.17,1.6,9,42.95
7.64,89.28,87.46,4.24,4,1,9.84,4.98,8,81.44
1.75,55.92,47.69,7.44,1,3,7.22,4.23,5,38.73
6.43,70.5,57.45,6.36,9,1,8.95,3.05,8,53.41
3.21,91.99,56.81,4.17,0,9,9.53,0.2,10,43.88
4.5,69.19,98.6,7.5,10,2,5.38,4.51,3,86.82
3.6,78.59,90.67,4.07,0,9,7.32,2.79,10,66.58
4.2,79.39,80.58,8.72,9,4,8.67,4.34,7,73.51
7.47,59.22,82.26,5.84,6,2,4.21,4.17,4,73.98
3.67,68.11,71.53,4.24,1,4,3.35,4.17,5,52.14
6.1,66.73,96.56,7.53,3,10,9.52,3.49,9,79.85
5.28,51.31,67.26,6.39,4,6,7.54,1.46,7,63.5
6.97,51.21,59.73,9.84,6,7,2.98,1.68,4,78.43
9.43,91.58,45.6,7.27,1,3,5.04,1.54,6,61.51
7.59,63.65,86.1,5.65,5,3,8.17,0.1,10,79.07
2.93,75.9,82.74,8.26,0,10,5.92,2.91,7,67.01
1.28,64.94,59.98,5.63,6,8,6.85,3.49,10,50.64
3.36,97.03,36.64,9.43,8,5,7.78,4.27,9,61.13
6.36,62.96,89.53,6.25,4,4,6.6,0.7,4,72.5
1.46,71.48,35.74,7.3,4,7,5.86,2.72,10,30.61
5.47,93.64,80.74,4.3,3,7,7.75,0.04,3,76.23
6.37,92.1,98.07,6.56,2,9,7.55,0.48,8,84.69
4.01,59.31,63.45,8.99,8,9,6.67,0.27,1,66.17
7.94,90.13,50.27,8.83,4,5,4.24,3.63,9,73.91
1.96,72.91,80.82,5.35,7,8,4.65,0.41,1,73.3
1.68,74.15,88.11,5.36,8,10,9.73,3.58,2,62.83
7.55,56.67,70.52,8.9,4,1,2.01,1.25,8,72.01
5.46,54.03,97.86,9.58,9,9,3.42,4.39,9,76.18
7.2,86.4,38.36,4.57,8,8,5.43,4.07,7,62.77
4.91,74.82,67.81,6.7,1,6,8.53,4.79,3,61.05
3.22,71.84,81.7,6.02,8,3,2.47,4.42,7,74.21
8.37,86.48,91.07,9.22,10,3,3.49,4.67,6,92.02
8.19,88.28,46.65,4.5,3,8,1.59,4.29,2,68.44
7.25,57.95,87.0,5.27,5,5,7.35,3.47,3,60.27
3.45,80.51,70.93,8.51,5,10,3.14,0.85,10,72.39
6.31,56.77,60.78,4.31,5,7,4.5,1.36,10,59.52
4.25,87.57,43.56,6.96,1,5,4.99,1.06,5,53.85
1.82,82.85,91.24,6.65,6,8,9.02,3.02,10,61.39
9.26,97.83,45.22,6.01,5,10,4.7,2.52,4,77.25
2.23,53.45,55.14,6.37,10,10,2.31,4.34,2,70.44
9.55,52.85,53.85,7.18,0,4,5.72,4.76,4,63.23
5.01,64.11,91.64,4.97,1,2,9.67,2.02,8,66.68
